username;password;role
Bondowoso;MasBondo;Bandung_Bondowoso
Roro;MbakRoro;Roro_Jonggrang
jin1;masjin;jin_pembangun
jin1;masjin;jin_pembangun
jin1;masjin;jin_pembangun
jin1;masjin;jin_pembangun
jin1;masjin;jin_pembangun
jin1;masjin;jin_pembangun
jin1;masjin;jin_pembangun
jin1;masjin;jin_pembangun
jin1;masjin;jin_pembangun
jin1;masjin;jin_pembangun
jin1;masjin;jin_pembangun
jin1;masjin;jin_pembangun
jin1;masjin;jin_pembangun
jin1;masjin;jin_pembangun
jin1;masjin;jin_pembangun
jin1;masjin;jin_pembangun
jin1;masjin;jin_pembangun
jin1;masjin;jin_pembangun
jin1;masjin;jin_pembangun
jin1;masjin;jin_pembangun
jin1;masjin;jin_pembangun
jin1;masjin;jin_pembangun
jin1;masjin;jin_pembangun
jin1;masjin;jin_pembangun
jin1;masjin;jin_pembangun
jin1;masjin;jin_pembangun
jin1;masjin;jin_pembangun
jin1;masjin;jin_pembangun
jin1;masjin;jin_pembangun
jin1;masjin;jin_pembangun
jin1;masjin;jin_pembangun
jin1;masjin;jin_pembangun
jin1;masjin;jin_pembangun
jin1;masjin;jin_pembangun
jin1;masjin;jin_pembangun
jin1;masjin;jin_pembangun
jin1;masjin;jin_pembangun
jin1;masjin;jin_pembangun
jin1;masjin;jin_pembangun
jin1;masjin;jin_pembangun
jin1;masjin;jin_pembangun
jin1;masjin;jin_pembangun
jin1;masjin;jin_pembangun
jin1;masjin;jin_pembangun
jin1;masjin;jin_pembangun
jin1;masjin;jin_pembangun
jin1;masjin;jin_pembangun
jin1;masjin;jin_pembangun
jin1;masjin;jin_pembangun
jin1;masjin;jin_pembangun
jin1;masjin;jin_pembangun
jin1;masjin;jin_pembangun
jin1;masjin;jin_pembangun
jin1;masjin;jin_pembangun
jin1;masjin;jin_pembangun
jin1;masjin;jin_pembangun
jin1;masjin;jin_pembangun
jin1;masjin;jin_pembangun
jin1;masjin;jin_pembangun
jin1;masjin;jin_pembangun
jin1;masjin;jin_pembangun
jin1;masjin;jin_pembangun
jin1;masjin;jin_pembangun
jin1;masjin;jin_pembangun
jin1;masjin;jin_pembangun
jin1;masjin;jin_pembangun
jin1;masjin;jin_pembangun
jin1;masjin;jin_pembangun
jin1;masjin;jin_pembangun
jin1;masjin;jin_pembangun
jin2;masjin;jin_pengumpul
jin2;masjin;jin_pengumpul
jin2;masjin;jin_pengumpul
jin2;masjin;jin_pengumpul
jin2;masjin;jin_pengumpul
jin2;masjin;jin_pengumpul
jin2;masjin;jin_pengumpul
jin2;masjin;jin_pengumpul
jin2;masjin;jin_pengumpul
jin2;masjin;jin_pengumpul
jin2;masjin;jin_pengumpul
jin2;masjin;jin_pengumpul
jin2;masjin;jin_pengumpul
jin2;masjin;jin_pengumpul
jin2;masjin;jin_pengumpul
jin2;masjin;jin_pengumpul
jin2;masjin;jin_pengumpul
jin2;masjin;jin_pengumpul
jin2;masjin;jin_pengumpul
jin2;masjin;jin_pengumpul
jin2;masjin;jin_pengumpul
jin2;masjin;jin_pengumpul
jin2;masjin;jin_pengumpul
jin2;masjin;jin_pengumpul
jin2;masjin;jin_pengumpul
jin2;masjin;jin_pengumpul
jin2;masjin;jin_pengumpul
jin2;masjin;jin_pengumpul
jin2;masjin;jin_pengumpul
jin2;masjin;jin_pengumpul